setup,sample_rate_hz,noise_dbfs,duration_s,frames,valid_frames,note_ons
free,44100,-50,10,3994,0,0
free,44100,-30,10,3994,0,0
palette-in,44100,-50,10,3994,0,0
palette-in,44100,-30,10,3994,0,0
palette-off-chromatic,44100,-50,10,3994,0,0
palette-off-chromatic,44100,-30,10,3994,0,0
palette-off-written-octave-up,44100,-50,10,3994,0,0
palette-off-written-octave-up,44100,-30,10,3994,0,0
palette-off-written-octave-down,44100,-50,10,3994,0,0
palette-off-written-octave-down,44100,-30,10,3994,0,0
free,48000,-50,10,3985,0,0
free,48000,-30,10,3985,0,0
palette-in,48000,-50,10,3985,0,0
palette-in,48000,-30,10,3985,0,0
palette-off-chromatic,48000,-50,10,3985,0,0
palette-off-chromatic,48000,-30,10,3985,0,0
palette-off-written-octave-up,48000,-50,10,3985,0,0
palette-off-written-octave-up,48000,-30,10,3985,0,0
palette-off-written-octave-down,48000,-50,10,3985,0,0
palette-off-written-octave-down,48000,-30,10,3985,0,0
free,96000,-50,10,3985,0,0
free,96000,-30,10,3985,0,0
palette-in,96000,-50,10,3985,0,0
palette-in,96000,-30,10,3985,0,0
palette-off-chromatic,96000,-50,10,3985,0,0
palette-off-chromatic,96000,-30,10,3985,0,0
palette-off-written-octave-up,96000,-50,10,3985,0,0
palette-off-written-octave-up,96000,-30,10,3985,0,0
palette-off-written-octave-down,96000,-50,10,3985,0,0
palette-off-written-octave-down,96000,-30,10,3985,0,0
